source,month,location_code,count
OJA,2018-07,AT,7854
OJA,2018-08,AT,5111
OJA,2018-09,AT,4971
OJA,2018-10,AT,5513
OJA,2018-11,AT,6160
OJA,2018-12,AT,3595
OJA,2019-01,AT,7992
OJA,2019-02,AT,5384
OJA,2019-03,AT,4699
OJA,2019-04,AT,3215
OJA,2019-05,AT,5356
OJA,2019-06,AT,5760
OJA,2019-07,AT,5316
OJA,2019-08,AT,4935
OJA,2019-09,AT,7430
OJA,2019-10,AT,6557
OJA,2019-11,AT,4774
OJA,2019-12,AT,3860
OJA,2020-01,AT,7197
OJA,2020-02,AT,5947
OJA,2020-03,AT,4650
OJA,2020-04,AT,2905
OJA,2020-05,AT,2930
OJA,2020-06,AT,4059
OJA,2020-07,AT,4835
OJA,2020-08,AT,3162
OJA,2020-09,AT,3458
OJA,2020-10,AT,4680
OJA,2020-11,AT,3537
OJA,2020-12,AT,2817
OJA,2021-01,AT,2536
OJA,2021-02,AT,2619
OJA,2021-03,AT,3561
OJA,2021-04,AT,3599
OJA,2021-05,AT,3307
OJA,2021-06,AT,3575
OJA,2021-07,AT,2750
OJA,2021-08,AT,2431
OJA,2021-09,AT,2825
OJA,2021-10,AT,3156
OJA,2021-11,AT,2619
OJA,2021-12,AT,355
OJA,2022-01,AT,157
OJA,2022-02,AT,170
OJA,2022-03,AT,138
OJA,2022-04,AT,110
OJA,2022-05,AT,114
OJA,2022-06,AT,46
OJA,2022-07,AT,34
OJA,2022-08,AT,74
OJA,2022-09,AT,71
OJA,2022-10,AT,82
OJA,2022-11,AT,73
OJA,2022-12,AT,35
OJA,2023-01,AT,82
OJA,2023-02,AT,77
OJA,2023-03,AT,85
OJA,2023-04,AT,81
OJA,2023-05,AT,36
OJA,2023-06,AT,44
OJA,2023-07,AT,35
OJA,2023-08,AT,35
OJA,2023-09,AT,68
OJA,2023-10,AT,70
OJA,2023-11,AT,55
OJA,2023-12,AT,48
OJA,2024-01,AT,3283
OJA,2024-02,AT,2200
OJA,2024-03,AT,2539
OJA,2024-04,AT,2100
OJA,2024-05,AT,1797
OJA,2024-06,AT,1228
OJA,2024-07,AT,2034
OJA,2024-08,AT,1607
OJA,2024-09,AT,1569
OJA,2024-11,AT,495
OJA,2024-12,AT,514
OJA,2025-01,AT,60
OJA,2025-02,AT,41
OJA,2025-03,AT,81
OJA,2018-07,BE,172
OJA,2018-08,BE,245
OJA,2018-09,BE,307
OJA,2018-10,BE,386
OJA,2018-11,BE,376
OJA,2018-12,BE,272
OJA,2019-01,BE,525
OJA,2019-02,BE,478
OJA,2019-03,BE,258
OJA,2019-04,BE,253
OJA,2019-05,BE,206
OJA,2019-06,BE,242
OJA,2019-07,BE,155
OJA,2019-08,BE,202
OJA,2019-09,BE,257
OJA,2019-10,BE,233
OJA,2019-11,BE,163
OJA,2019-12,BE,162
OJA,2020-01,BE,367
OJA,2020-02,BE,300
OJA,2020-03,BE,334
OJA,2020-04,BE,220
OJA,2020-05,BE,157
OJA,2020-06,BE,216
OJA,2020-07,BE,147
OJA,2020-08,BE,306
OJA,2020-09,BE,338
OJA,2020-10,BE,304
OJA,2020-11,BE,283
OJA,2020-12,BE,226
OJA,2021-01,BE,457
OJA,2021-02,BE,353
OJA,2021-03,BE,634
OJA,2021-04,BE,574
OJA,2021-05,BE,502
OJA,2021-06,BE,451
OJA,2021-07,BE,335
OJA,2021-08,BE,302
OJA,2021-09,BE,394
OJA,2021-10,BE,477
OJA,2021-11,BE,465
OJA,2021-12,BE,339
OJA,2022-01,BE,472
OJA,2022-02,BE,520
OJA,2022-03,BE,467
OJA,2022-04,BE,361
OJA,2022-05,BE,381
OJA,2022-06,BE,169
OJA,2022-07,BE,118
OJA,2022-08,BE,287
OJA,2022-09,BE,301
OJA,2022-10,BE,361
OJA,2022-11,BE,347
OJA,2022-12,BE,260
OJA,2023-01,BE,596
OJA,2023-02,BE,455
OJA,2023-03,BE,523
OJA,2023-04,BE,369
OJA,2023-05,BE,207
OJA,2023-06,BE,220
OJA,2023-07,BE,146
OJA,2023-08,BE,169
OJA,2023-09,BE,320
OJA,2023-10,BE,424
OJA,2023-11,BE,422
OJA,2023-12,BE,319
OJA,2024-01,BE,5646
OJA,2024-02,BE,4440
OJA,2024-03,BE,3981
OJA,2024-04,BE,3716
OJA,2024-05,BE,3309
OJA,2024-06,BE,3058
OJA,2024-07,BE,3255
OJA,2024-08,BE,2481
OJA,2024-09,BE,3068
OJA,2024-11,BE,1924
OJA,2024-12,BE,1748
OJA,2025-01,BE,478
OJA,2025-02,BE,409
OJA,2025-03,BE,305
OJA,2018-07,BG,53
OJA,2018-08,BG,33
OJA,2018-09,BG,24
OJA,2018-10,BG,21
OJA,2018-11,BG,32
OJA,2018-12,BG,34
OJA,2019-01,BG,95
OJA,2019-02,BG,89
OJA,2019-03,BG,76
OJA,2019-04,BG,66
OJA,2019-05,BG,63
OJA,2019-06,BG,65
OJA,2019-07,BG,73
OJA,2019-08,BG,53
OJA,2019-09,BG,59
OJA,2019-10,BG,94
OJA,2019-11,BG,52
OJA,2019-12,BG,36
OJA,2020-01,BG,107
OJA,2020-02,BG,63
OJA,2020-03,BG,56
OJA,2020-04,BG,41
OJA,2020-05,BG,45
OJA,2020-06,BG,59
OJA,2020-07,BG,43
OJA,2020-08,BG,43
OJA,2020-09,BG,41
OJA,2020-10,BG,59
OJA,2020-11,BG,40
OJA,2020-12,BG,35
OJA,2021-01,BG,62
OJA,2021-02,BG,35
OJA,2021-03,BG,49
OJA,2021-04,BG,65
OJA,2021-05,BG,27
OJA,2021-06,BG,44
OJA,2021-07,BG,39
OJA,2021-08,BG,34
OJA,2021-09,BG,65
OJA,2021-10,BG,57
OJA,2021-11,BG,56
OJA,2021-12,BG,11
OJA,2022-01,BG,5
OJA,2022-02,BG,20
OJA,2022-03,BG,54
OJA,2022-04,BG,30
OJA,2022-05,BG,34
OJA,2022-06,BG,13
OJA,2022-07,BG,10
OJA,2022-08,BG,25
OJA,2022-09,BG,11
OJA,2022-10,BG,18
OJA,2022-11,BG,30
OJA,2022-12,BG,21
OJA,2023-01,BG,53
OJA,2023-02,BG,30
OJA,2023-03,BG,25
OJA,2023-04,BG,8
OJA,2023-05,BG,17
OJA,2023-06,BG,20
OJA,2023-07,BG,13
OJA,2023-08,BG,20
OJA,2023-09,BG,20
OJA,2023-10,BG,68
OJA,2023-11,BG,32
OJA,2023-12,BG,19
OJA,2024-01,BG,583
OJA,2024-02,BG,334
OJA,2024-03,BG,290
OJA,2024-04,BG,240
OJA,2024-05,BG,194
OJA,2024-06,BG,144
OJA,2024-07,BG,95
OJA,2024-08,BG,112
OJA,2024-09,BG,114
OJA,2024-11,BG,89
OJA,2024-12,BG,64
OJA,2025-01,BG,17
OJA,2025-02,BG,6
OJA,2025-03,BG,24
OJA,2025-01,CH,168
OJA,2025-02,CH,156
OJA,2025-03,CH,160
OJA,2024-01,CY,326
OJA,2024-02,CY,196
OJA,2024-03,CY,161
OJA,2024-04,CY,178
OJA,2024-05,CY,191
OJA,2024-06,CY,87
OJA,2024-07,CY,104
OJA,2024-08,CY,107
OJA,2024-09,CY,174
OJA,2024-11,CY,111
OJA,2024-12,CY,60
OJA,2018-07,CZ,38
OJA,2018-08,CZ,37
OJA,2018-09,CZ,118
OJA,2018-10,CZ,85
OJA,2018-11,CZ,89
OJA,2018-12,CZ,82
OJA,2019-01,CZ,127
OJA,2019-02,CZ,121
OJA,2019-03,CZ,103
OJA,2019-04,CZ,71
OJA,2019-05,CZ,81
OJA,2019-06,CZ,82
OJA,2019-07,CZ,92
OJA,2019-08,CZ,70
OJA,2019-09,CZ,99
OJA,2019-10,CZ,112
OJA,2019-11,CZ,100
OJA,2019-12,CZ,67
OJA,2020-01,CZ,141
OJA,2020-02,CZ,152
OJA,2020-03,CZ,131
OJA,2020-04,CZ,70
OJA,2020-05,CZ,93
OJA,2020-06,CZ,106
OJA,2020-07,CZ,134
OJA,2020-08,CZ,145
OJA,2020-09,CZ,124
OJA,2020-10,CZ,120
OJA,2020-11,CZ,137
OJA,2020-12,CZ,47
OJA,2021-01,CZ,107
OJA,2021-02,CZ,146
OJA,2021-03,CZ,33
OJA,2021-04,CZ,39
OJA,2021-05,CZ,42
OJA,2021-06,CZ,86
OJA,2021-07,CZ,77
OJA,2021-08,CZ,111
OJA,2021-09,CZ,160
OJA,2021-10,CZ,117
OJA,2021-11,CZ,139
OJA,2021-12,CZ,60
OJA,2022-01,CZ,110
OJA,2022-02,CZ,98
OJA,2022-03,CZ,95
OJA,2022-04,CZ,78
OJA,2022-05,CZ,121
OJA,2022-06,CZ,61
OJA,2022-07,CZ,33
OJA,2022-08,CZ,49
OJA,2022-09,CZ,51
OJA,2022-10,CZ,62
OJA,2022-11,CZ,72
OJA,2022-12,CZ,37
OJA,2023-01,CZ,96
OJA,2023-02,CZ,55
OJA,2023-03,CZ,65
OJA,2023-04,CZ,73
OJA,2023-05,CZ,56
OJA,2023-06,CZ,66
OJA,2023-07,CZ,63
OJA,2023-08,CZ,57
OJA,2023-09,CZ,56
OJA,2023-10,CZ,46
OJA,2023-11,CZ,45
OJA,2023-12,CZ,38
OJA,2024-01,CZ,3773
OJA,2024-02,CZ,2829
OJA,2024-03,CZ,1936
OJA,2024-04,CZ,2177
OJA,2024-05,CZ,1515
OJA,2024-06,CZ,1508
OJA,2024-07,CZ,984
OJA,2024-08,CZ,1089
OJA,2024-09,CZ,1126
OJA,2024-11,CZ,687
OJA,2024-12,CZ,499
OJA,2025-01,CZ,28
OJA,2025-02,CZ,10
OJA,2025-03,CZ,13
OJA,2018-07,DE,2757
OJA,2018-08,DE,6491
OJA,2018-09,DE,6510
OJA,2018-10,DE,7791
OJA,2018-11,DE,13066
OJA,2018-12,DE,6701
OJA,2019-01,DE,10021
OJA,2019-02,DE,6374
OJA,2019-03,DE,5488
OJA,2019-04,DE,4043
OJA,2019-05,DE,3825
OJA,2019-06,DE,5361
OJA,2019-07,DE,3340
OJA,2019-08,DE,4568
OJA,2019-09,DE,6242
OJA,2019-10,DE,6427
OJA,2019-11,DE,4845
OJA,2019-12,DE,4535
OJA,2020-01,DE,7071
OJA,2020-02,DE,5902
OJA,2020-03,DE,5381
OJA,2020-04,DE,2854
OJA,2020-05,DE,3277
OJA,2020-06,DE,2799
OJA,2020-07,DE,2873
OJA,2020-08,DE,3988
OJA,2020-09,DE,4544
OJA,2020-10,DE,5167
OJA,2020-11,DE,5081
OJA,2020-12,DE,2985
OJA,2021-01,DE,5295
OJA,2021-02,DE,4458
OJA,2021-03,DE,6070
OJA,2021-04,DE,4733
OJA,2021-05,DE,2993
OJA,2021-06,DE,3856
OJA,2021-07,DE,2318
OJA,2021-08,DE,2436
OJA,2021-09,DE,4696
OJA,2021-10,DE,6348
OJA,2021-11,DE,4104
OJA,2021-12,DE,3157
OJA,2022-01,DE,3812
OJA,2022-02,DE,4052
OJA,2022-03,DE,3156
OJA,2022-04,DE,2683
OJA,2022-05,DE,2348
OJA,2022-06,DE,1065
OJA,2022-07,DE,1451
OJA,2022-08,DE,2515
OJA,2022-09,DE,2917
OJA,2022-10,DE,2617
OJA,2022-11,DE,2555
OJA,2022-12,DE,1779
OJA,2023-01,DE,3774
OJA,2023-02,DE,2531
OJA,2023-03,DE,2711
OJA,2023-04,DE,2577
OJA,2023-05,DE,1160
OJA,2023-06,DE,1674
OJA,2023-07,DE,1135
OJA,2023-08,DE,1613
OJA,2023-09,DE,2671
OJA,2023-10,DE,2241
OJA,2023-11,DE,2708
OJA,2023-12,DE,1726
OJA,2024-01,DE,55875
OJA,2024-02,DE,47050
OJA,2024-03,DE,33927
OJA,2024-04,DE,43310
OJA,2024-05,DE,37019
OJA,2024-06,DE,33159
OJA,2024-07,DE,36400
OJA,2024-08,DE,28992
OJA,2024-09,DE,28383
OJA,2024-11,DE,5248
OJA,2024-12,DE,6529
OJA,2025-01,DE,1944
OJA,2025-02,DE,1617
OJA,2025-03,DE,1264
OJA,2018-09,DK,1
OJA,2018-10,DK,1
OJA,2018-11,DK,4
OJA,2018-12,DK,10
OJA,2019-01,DK,12
OJA,2019-02,DK,39
OJA,2019-03,DK,18
OJA,2019-04,DK,14
OJA,2019-05,DK,10
OJA,2019-06,DK,13
OJA,2019-07,DK,21
OJA,2019-08,DK,7
OJA,2019-09,DK,23
OJA,2019-10,DK,16
OJA,2019-11,DK,14
OJA,2019-12,DK,14
OJA,2020-01,DK,24
OJA,2020-02,DK,14
OJA,2020-03,DK,15
OJA,2020-04,DK,3
OJA,2020-06,DK,11
OJA,2020-07,DK,13
OJA,2020-08,DK,19
OJA,2020-09,DK,23
OJA,2020-10,DK,20
OJA,2020-11,DK,18
OJA,2020-12,DK,25
OJA,2021-01,DK,15
OJA,2021-02,DK,11
OJA,2021-03,DK,26
OJA,2021-04,DK,31
OJA,2021-05,DK,53
OJA,2021-06,DK,44
OJA,2021-07,DK,29
OJA,2021-08,DK,29
OJA,2021-09,DK,38
OJA,2021-10,DK,54
OJA,2021-11,DK,35
OJA,2021-12,DK,34
OJA,2022-01,DK,51
OJA,2022-02,DK,39
OJA,2022-03,DK,51
OJA,2022-04,DK,43
OJA,2022-05,DK,58
OJA,2022-06,DK,36
OJA,2022-07,DK,41
OJA,2022-08,DK,49
OJA,2022-09,DK,45
OJA,2022-10,DK,38
OJA,2022-11,DK,46
OJA,2022-12,DK,44
OJA,2023-01,DK,61
OJA,2023-02,DK,48
OJA,2023-03,DK,100
OJA,2023-04,DK,149
OJA,2023-05,DK,115
OJA,2023-06,DK,106
OJA,2023-07,DK,67
OJA,2023-08,DK,87
OJA,2023-09,DK,77
OJA,2023-10,DK,49
OJA,2023-11,DK,34
OJA,2023-12,DK,53
OJA,2024-01,DK,755
OJA,2024-02,DK,764
OJA,2024-03,DK,575
OJA,2024-04,DK,683
OJA,2024-05,DK,682
OJA,2024-06,DK,520
OJA,2024-07,DK,495
OJA,2024-08,DK,340
OJA,2024-09,DK,462
OJA,2024-11,DK,470
OJA,2024-12,DK,452
OJA,2025-01,DK,61
OJA,2025-02,DK,64
OJA,2025-03,DK,57
OJA,2020-01,EE,6
OJA,2020-02,EE,7
OJA,2020-03,EE,7
OJA,2020-04,EE,3
OJA,2020-05,EE,12
OJA,2020-06,EE,4
OJA,2020-07,EE,11
OJA,2020-08,EE,10
OJA,2020-09,EE,9
OJA,2020-10,EE,4
OJA,2020-11,EE,2
OJA,2020-12,EE,1
OJA,2021-01,EE,13
OJA,2021-02,EE,6
OJA,2021-03,EE,8
OJA,2021-04,EE,11
OJA,2021-05,EE,41
OJA,2021-06,EE,9
OJA,2021-07,EE,4
OJA,2021-08,EE,5
OJA,2021-09,EE,14
OJA,2021-10,EE,32
OJA,2021-11,EE,17
OJA,2021-12,EE,3
OJA,2022-01,EE,2
OJA,2022-02,EE,15
OJA,2022-03,EE,19
OJA,2022-04,EE,16
OJA,2022-05,EE,6
OJA,2022-06,EE,5
OJA,2022-07,EE,1
OJA,2022-08,EE,6
OJA,2022-09,EE,4
OJA,2022-10,EE,8
OJA,2022-11,EE,7
OJA,2022-12,EE,3
OJA,2024-01,EE,160
OJA,2024-02,EE,180
OJA,2024-03,EE,175
OJA,2024-04,EE,119
OJA,2024-05,EE,113
OJA,2024-06,EE,87
OJA,2024-07,EE,108
OJA,2024-08,EE,59
OJA,2024-09,EE,88
OJA,2024-11,EE,32
OJA,2024-12,EE,41
OJA,2019-05,EL,2
OJA,2019-06,EL,1
OJA,2019-07,EL,2
OJA,2019-09,EL,3
OJA,2019-10,EL,6
OJA,2019-11,EL,6
OJA,2019-12,EL,9
OJA,2020-01,EL,33
OJA,2020-02,EL,21
OJA,2020-03,EL,24
OJA,2020-04,EL,16
OJA,2020-05,EL,16
OJA,2020-06,EL,18
OJA,2020-07,EL,12
OJA,2020-08,EL,12
OJA,2020-09,EL,25
OJA,2020-10,EL,17
OJA,2020-11,EL,23
OJA,2020-12,EL,41
OJA,2021-01,EL,34
OJA,2021-02,EL,17
OJA,2021-03,EL,30
OJA,2021-04,EL,39
OJA,2021-05,EL,36
OJA,2021-06,EL,34
OJA,2021-07,EL,9
OJA,2021-08,EL,12
OJA,2021-09,EL,18
OJA,2021-10,EL,35
OJA,2021-11,EL,11
OJA,2021-12,EL,10
OJA,2022-01,EL,5
OJA,2022-02,EL,8
OJA,2022-03,EL,15
OJA,2022-04,EL,19
OJA,2022-05,EL,11
OJA,2022-06,EL,18
OJA,2022-07,EL,14
OJA,2022-08,EL,19
OJA,2022-09,EL,14
OJA,2022-10,EL,12
OJA,2022-11,EL,13
OJA,2022-12,EL,8
OJA,2023-01,EL,27
OJA,2023-02,EL,12
OJA,2023-03,EL,17
OJA,2023-04,EL,11
OJA,2023-05,EL,11
OJA,2023-06,EL,22
OJA,2023-07,EL,16
OJA,2023-08,EL,2
OJA,2023-09,EL,9
OJA,2023-10,EL,9
OJA,2023-11,EL,3
OJA,2024-01,EL,273
OJA,2024-02,EL,263
OJA,2024-03,EL,169
OJA,2024-04,EL,201
OJA,2024-05,EL,209
OJA,2024-06,EL,213
OJA,2024-07,EL,153
OJA,2024-08,EL,109
OJA,2024-09,EL,172
OJA,2024-11,EL,133
OJA,2024-12,EL,119
OJA,2018-07,ES,234
OJA,2018-08,ES,136
OJA,2018-09,ES,135
OJA,2018-10,ES,196
OJA,2018-11,ES,361
OJA,2018-12,ES,283
OJA,2019-01,ES,379
OJA,2019-02,ES,299
OJA,2019-03,ES,332
OJA,2019-04,ES,338
OJA,2019-05,ES,399
OJA,2019-06,ES,375
OJA,2019-07,ES,415
OJA,2019-08,ES,315
OJA,2019-09,ES,399
OJA,2019-10,ES,574
OJA,2019-11,ES,235
OJA,2019-12,ES,172
OJA,2020-01,ES,306
OJA,2020-02,ES,284
OJA,2020-03,ES,274
OJA,2020-04,ES,162
OJA,2020-05,ES,157
OJA,2020-06,ES,205
OJA,2020-07,ES,220
OJA,2020-08,ES,259
OJA,2020-09,ES,267
OJA,2020-10,ES,351
OJA,2020-11,ES,239
OJA,2020-12,ES,213
OJA,2021-01,ES,333
OJA,2021-02,ES,358
OJA,2021-03,ES,394
OJA,2021-04,ES,306
OJA,2021-05,ES,454
OJA,2021-06,ES,368
OJA,2021-07,ES,219
OJA,2021-08,ES,243
OJA,2021-09,ES,325
OJA,2021-10,ES,277
OJA,2021-11,ES,288
OJA,2021-12,ES,212
OJA,2022-01,ES,292
OJA,2022-02,ES,273
OJA,2022-03,ES,315
OJA,2022-04,ES,255
OJA,2022-05,ES,342
OJA,2022-06,ES,306
OJA,2022-07,ES,219
OJA,2022-08,ES,169
OJA,2022-09,ES,307
OJA,2022-10,ES,271
OJA,2022-11,ES,278
OJA,2022-12,ES,178
OJA,2023-01,ES,334
OJA,2023-02,ES,294
OJA,2023-03,ES,224
OJA,2023-04,ES,240
OJA,2023-05,ES,270
OJA,2023-06,ES,244
OJA,2023-07,ES,241
OJA,2023-08,ES,245
OJA,2023-09,ES,293
OJA,2023-10,ES,452
OJA,2023-11,ES,225
OJA,2023-12,ES,164
OJA,2024-01,ES,4079
OJA,2024-02,ES,3976
OJA,2024-03,ES,3108
OJA,2024-04,ES,3318
OJA,2024-05,ES,2797
OJA,2024-06,ES,2362
OJA,2024-07,ES,3605
OJA,2024-08,ES,1841
OJA,2024-09,ES,3725
OJA,2024-11,ES,793
OJA,2024-12,ES,642
OJA,2025-01,ES,259
OJA,2025-02,ES,286
OJA,2025-03,ES,182
OJA,2018-08,FI,5
OJA,2018-09,FI,12
OJA,2018-10,FI,6
OJA,2018-11,FI,13
OJA,2018-12,FI,12
OJA,2019-01,FI,77
OJA,2019-02,FI,69
OJA,2019-03,FI,34
OJA,2019-04,FI,39
OJA,2019-05,FI,33
OJA,2019-06,FI,39
OJA,2019-07,FI,16
OJA,2019-08,FI,27
OJA,2019-09,FI,37
OJA,2019-10,FI,35
OJA,2019-11,FI,36
OJA,2019-12,FI,30
OJA,2020-01,FI,71
OJA,2020-02,FI,32
OJA,2020-03,FI,54
OJA,2020-04,FI,15
OJA,2020-05,FI,9
OJA,2020-06,FI,30
OJA,2020-07,FI,5
OJA,2020-08,FI,16
OJA,2020-09,FI,24
OJA,2020-10,FI,22
OJA,2020-11,FI,27
OJA,2020-12,FI,25
OJA,2021-01,FI,47
OJA,2021-02,FI,51
OJA,2021-03,FI,42
OJA,2021-04,FI,29
OJA,2021-05,FI,18
OJA,2021-06,FI,30
OJA,2021-07,FI,3
OJA,2021-08,FI,11
OJA,2021-09,FI,23
OJA,2021-10,FI,19
OJA,2021-11,FI,14
OJA,2021-12,FI,26
OJA,2022-01,FI,26
OJA,2022-02,FI,19
OJA,2022-03,FI,21
OJA,2022-04,FI,20
OJA,2022-05,FI,33
OJA,2022-06,FI,19
OJA,2022-07,FI,2
OJA,2022-08,FI,14
OJA,2022-09,FI,24
OJA,2022-10,FI,34
OJA,2022-11,FI,24
OJA,2022-12,FI,51
OJA,2023-01,FI,102
OJA,2023-02,FI,27
OJA,2023-03,FI,34
OJA,2023-04,FI,34
OJA,2023-05,FI,32
OJA,2023-06,FI,55
OJA,2023-07,FI,73
OJA,2023-08,FI,71
OJA,2023-09,FI,122
OJA,2023-10,FI,22
OJA,2023-11,FI,8
OJA,2023-12,FI,16
OJA,2024-01,FI,804
OJA,2024-02,FI,545
OJA,2024-03,FI,478
OJA,2024-04,FI,592
OJA,2024-05,FI,517
OJA,2024-06,FI,425
OJA,2024-07,FI,325
OJA,2024-08,FI,415
OJA,2024-09,FI,504
OJA,2024-11,FI,351
OJA,2024-12,FI,262
OJA,2025-01,FI,226
OJA,2025-02,FI,182
OJA,2025-03,FI,139
OJA,2018-07,FR,902
OJA,2018-08,FR,648
OJA,2018-09,FR,982
OJA,2018-10,FR,986
OJA,2018-11,FR,1337
OJA,2018-12,FR,1048
OJA,2019-01,FR,1576
OJA,2019-02,FR,939
OJA,2019-03,FR,329
OJA,2019-04,FR,308
OJA,2019-05,FR,261
OJA,2019-06,FR,268
OJA,2019-07,FR,442
OJA,2019-08,FR,265
OJA,2019-09,FR,668
OJA,2019-10,FR,736
OJA,2019-11,FR,574
OJA,2019-12,FR,525
OJA,2020-01,FR,772
OJA,2020-02,FR,626
OJA,2020-03,FR,576
OJA,2020-04,FR,446
OJA,2020-05,FR,401
OJA,2020-06,FR,221
OJA,2020-07,FR,326
OJA,2020-08,FR,273
OJA,2020-09,FR,293
OJA,2020-10,FR,288
OJA,2020-11,FR,446
OJA,2020-12,FR,304
OJA,2021-01,FR,468
OJA,2021-02,FR,251
OJA,2021-03,FR,435
OJA,2021-04,FR,419
OJA,2021-05,FR,374
OJA,2021-06,FR,475
OJA,2021-07,FR,265
OJA,2021-08,FR,385
OJA,2021-09,FR,571
OJA,2021-10,FR,1518
OJA,2021-11,FR,759
OJA,2021-12,FR,556
OJA,2022-01,FR,735
OJA,2022-02,FR,529
OJA,2022-03,FR,588
OJA,2022-04,FR,462
OJA,2022-05,FR,520
OJA,2022-06,FR,646
OJA,2022-07,FR,603
OJA,2022-08,FR,359
OJA,2022-09,FR,656
OJA,2022-10,FR,513
OJA,2022-11,FR,545
OJA,2022-12,FR,459
OJA,2023-01,FR,762
OJA,2023-02,FR,576
OJA,2023-03,FR,594
OJA,2023-04,FR,713
OJA,2023-05,FR,703
OJA,2023-06,FR,559
OJA,2023-07,FR,439
OJA,2023-08,FR,370
OJA,2023-09,FR,412
OJA,2023-10,FR,403
OJA,2023-11,FR,343
OJA,2023-12,FR,262
OJA,2024-01,FR,53310
OJA,2024-02,FR,49480
OJA,2024-03,FR,47560
OJA,2024-04,FR,48880
OJA,2024-05,FR,36832
OJA,2024-06,FR,48371
OJA,2024-07,FR,37769
OJA,2024-08,FR,26200
OJA,2024-09,FR,38429
OJA,2024-11,FR,22354
OJA,2024-12,FR,15117
OJA,2025-01,FR,815
OJA,2025-02,FR,567
OJA,2025-03,FR,476
OJA,2018-12,HR,1
OJA,2019-01,HR,11
OJA,2019-02,HR,3
OJA,2019-03,HR,14
OJA,2019-04,HR,12
OJA,2019-05,HR,13
OJA,2019-06,HR,5
OJA,2019-08,HR,5
OJA,2019-09,HR,13
OJA,2019-10,HR,13
OJA,2019-11,HR,16
OJA,2019-12,HR,7
OJA,2020-01,HR,30
OJA,2020-02,HR,29
OJA,2020-03,HR,16
OJA,2020-04,HR,16
OJA,2020-05,HR,19
OJA,2020-06,HR,27
OJA,2020-07,HR,23
OJA,2020-08,HR,27
OJA,2020-09,HR,24
OJA,2020-10,HR,20
OJA,2020-11,HR,35
OJA,2020-12,HR,19
OJA,2021-01,HR,44
OJA,2021-02,HR,53
OJA,2021-03,HR,36
OJA,2021-04,HR,67
OJA,2021-05,HR,113
OJA,2021-06,HR,57
OJA,2021-07,HR,36
OJA,2021-08,HR,19
OJA,2021-09,HR,68
OJA,2021-10,HR,50
OJA,2021-11,HR,49
OJA,2021-12,HR,70
OJA,2022-01,HR,63
OJA,2022-02,HR,62
OJA,2022-03,HR,77
OJA,2022-04,HR,78
OJA,2022-05,HR,119
OJA,2022-06,HR,15
OJA,2022-07,HR,18
OJA,2022-08,HR,51
OJA,2022-09,HR,55
OJA,2022-10,HR,38
OJA,2022-11,HR,42
OJA,2022-12,HR,37
OJA,2023-01,HR,66
OJA,2023-02,HR,84
OJA,2023-03,HR,106
OJA,2023-04,HR,101
OJA,2023-05,HR,17
OJA,2023-06,HR,34
OJA,2023-07,HR,47
OJA,2023-08,HR,29
OJA,2023-09,HR,101
OJA,2023-10,HR,58
OJA,2023-11,HR,53
OJA,2023-12,HR,26
OJA,2024-01,HR,250
OJA,2024-02,HR,182
OJA,2024-03,HR,191
OJA,2024-04,HR,170
OJA,2024-05,HR,159
OJA,2024-06,HR,115
OJA,2024-07,HR,120
OJA,2024-08,HR,70
OJA,2024-09,HR,74
OJA,2024-11,HR,51
OJA,2024-12,HR,52
OJA,2025-01,HR,63
OJA,2025-02,HR,52
OJA,2025-03,HR,71
OJA,2018-07,HU,1
OJA,2018-08,HU,1
OJA,2018-09,HU,3
OJA,2018-10,HU,4
OJA,2018-11,HU,6
OJA,2018-12,HU,7
OJA,2019-01,HU,44
OJA,2019-02,HU,21
OJA,2019-03,HU,15
OJA,2019-04,HU,8
OJA,2019-05,HU,23
OJA,2019-06,HU,24
OJA,2019-07,HU,19
OJA,2019-08,HU,32
OJA,2019-09,HU,40
OJA,2019-10,HU,35
OJA,2019-11,HU,18
OJA,2019-12,HU,10
OJA,2020-01,HU,27
OJA,2020-02,HU,23
OJA,2020-03,HU,23
OJA,2020-04,HU,30
OJA,2020-05,HU,15
OJA,2020-06,HU,22
OJA,2020-07,HU,24
OJA,2020-08,HU,12
OJA,2020-09,HU,21
OJA,2020-10,HU,27
OJA,2020-11,HU,18
OJA,2020-12,HU,46
OJA,2021-01,HU,89
OJA,2021-02,HU,63
OJA,2021-03,HU,72
OJA,2021-04,HU,47
OJA,2021-05,HU,148
OJA,2021-06,HU,75
OJA,2021-07,HU,88
OJA,2021-08,HU,88
OJA,2021-09,HU,113
OJA,2021-10,HU,120
OJA,2021-11,HU,107
OJA,2021-12,HU,60
OJA,2022-01,HU,81
OJA,2022-02,HU,62
OJA,2022-03,HU,42
OJA,2022-04,HU,39
OJA,2022-05,HU,51
OJA,2022-06,HU,32
OJA,2022-07,HU,19
OJA,2022-08,HU,47
OJA,2022-09,HU,27
OJA,2022-10,HU,47
OJA,2022-11,HU,85
OJA,2022-12,HU,37
OJA,2023-01,HU,109
OJA,2023-02,HU,78
OJA,2023-03,HU,75
OJA,2023-04,HU,52
OJA,2023-05,HU,57
OJA,2023-06,HU,95
OJA,2023-07,HU,54
OJA,2023-08,HU,43
OJA,2023-09,HU,42
OJA,2023-10,HU,28
OJA,2023-11,HU,21
OJA,2023-12,HU,15
OJA,2024-01,HU,1210
OJA,2024-02,HU,1142
OJA,2024-03,HU,860
OJA,2024-04,HU,1052
OJA,2024-05,HU,849
OJA,2024-06,HU,681
OJA,2024-07,HU,461
OJA,2024-08,HU,307
OJA,2024-09,HU,769
OJA,2024-11,HU,1192
OJA,2024-12,HU,780
OJA,2025-01,HU,122
OJA,2025-02,HU,84
OJA,2025-03,HU,62
OJA,2018-07,IE,131
OJA,2018-08,IE,152
OJA,2018-09,IE,126
OJA,2018-10,IE,152
OJA,2018-11,IE,202
OJA,2018-12,IE,119
OJA,2019-01,IE,231
OJA,2019-02,IE,146
OJA,2019-03,IE,159
OJA,2019-04,IE,216
OJA,2019-05,IE,175
OJA,2019-06,IE,171
OJA,2019-07,IE,151
OJA,2019-08,IE,165
OJA,2019-09,IE,158
OJA,2019-10,IE,135
OJA,2019-11,IE,98
OJA,2019-12,IE,123
OJA,2020-01,IE,290
OJA,2020-02,IE,278
OJA,2020-03,IE,160
OJA,2020-04,IE,115
OJA,2020-05,IE,143
OJA,2020-06,IE,120
OJA,2020-07,IE,112
OJA,2020-08,IE,177
OJA,2020-09,IE,169
OJA,2020-10,IE,144
OJA,2020-11,IE,189
OJA,2020-12,IE,197
OJA,2021-01,IE,189
OJA,2021-02,IE,140
OJA,2021-03,IE,189
OJA,2021-04,IE,210
OJA,2021-05,IE,268
OJA,2021-06,IE,272
OJA,2021-07,IE,96
OJA,2021-08,IE,129
OJA,2021-09,IE,275
OJA,2021-10,IE,297
OJA,2021-11,IE,250
OJA,2021-12,IE,189
OJA,2022-01,IE,229
OJA,2022-02,IE,307
OJA,2022-03,IE,264
OJA,2022-04,IE,315
OJA,2022-05,IE,308
OJA,2022-06,IE,100
OJA,2022-07,IE,89
OJA,2022-08,IE,221
OJA,2022-09,IE,203
OJA,2022-10,IE,226
OJA,2022-11,IE,262
OJA,2022-12,IE,148
OJA,2023-01,IE,318
OJA,2023-02,IE,245
OJA,2023-03,IE,288
OJA,2023-04,IE,229
OJA,2023-05,IE,166
OJA,2023-06,IE,146
OJA,2023-07,IE,116
OJA,2023-08,IE,105
OJA,2023-09,IE,205
OJA,2023-10,IE,120
OJA,2023-11,IE,92
OJA,2023-12,IE,61
OJA,2024-01,IE,997
OJA,2024-02,IE,770
OJA,2024-03,IE,647
OJA,2024-04,IE,702
OJA,2024-05,IE,725
OJA,2024-06,IE,629
OJA,2024-07,IE,717
OJA,2024-08,IE,612
OJA,2024-09,IE,616
OJA,2024-11,IE,251
OJA,2024-12,IE,189
OJA,2025-01,IE,52
OJA,2025-02,IE,74
OJA,2025-03,IE,66
OJA,2018-07,IT,1086
OJA,2018-08,IT,842
OJA,2018-09,IT,1117
OJA,2018-10,IT,1165
OJA,2018-11,IT,1337
OJA,2018-12,IT,819
OJA,2019-01,IT,1789
OJA,2019-02,IT,1318
OJA,2019-03,IT,1098
OJA,2019-04,IT,734
OJA,2019-05,IT,844
OJA,2019-06,IT,702
OJA,2019-07,IT,1231
OJA,2019-08,IT,932
OJA,2019-09,IT,1944
OJA,2019-10,IT,1838
OJA,2019-11,IT,1560
OJA,2019-12,IT,1710
OJA,2020-01,IT,2492
OJA,2020-02,IT,2314
OJA,2020-03,IT,1707
OJA,2020-04,IT,1352
OJA,2020-05,IT,1493
OJA,2020-06,IT,1438
OJA,2020-07,IT,2168
OJA,2020-08,IT,1400
OJA,2020-09,IT,2543
OJA,2020-10,IT,2450
OJA,2020-11,IT,2683
OJA,2020-12,IT,1724
OJA,2021-01,IT,1287
OJA,2021-02,IT,1139
OJA,2021-03,IT,1614
OJA,2021-04,IT,1391
OJA,2021-05,IT,1425
OJA,2021-06,IT,1298
OJA,2021-07,IT,776
OJA,2021-08,IT,702
OJA,2021-09,IT,1218
OJA,2021-10,IT,1205
OJA,2021-11,IT,1130
OJA,2021-12,IT,915
OJA,2022-01,IT,1425
OJA,2022-02,IT,1504
OJA,2022-03,IT,1283
OJA,2022-04,IT,1013
OJA,2022-05,IT,1205
OJA,2022-06,IT,1079
OJA,2022-07,IT,1076
OJA,2022-08,IT,805
OJA,2022-09,IT,1181
OJA,2022-10,IT,1201
OJA,2022-11,IT,1111
OJA,2022-12,IT,798
OJA,2023-01,IT,1810
OJA,2023-02,IT,1466
OJA,2023-03,IT,1683
OJA,2023-04,IT,1375
OJA,2023-05,IT,1226
OJA,2023-06,IT,1285
OJA,2023-07,IT,931
OJA,2023-08,IT,499
OJA,2023-09,IT,1016
OJA,2023-10,IT,691
OJA,2023-11,IT,643
OJA,2023-12,IT,443
OJA,2024-01,IT,6502
OJA,2024-02,IT,5330
OJA,2024-03,IT,6909
OJA,2024-04,IT,5132
OJA,2024-05,IT,6730
OJA,2024-06,IT,5058
OJA,2024-07,IT,3620
OJA,2024-08,IT,2103
OJA,2024-09,IT,3068
OJA,2024-11,IT,1800
OJA,2024-12,IT,2687
OJA,2025-01,IT,1058
OJA,2025-02,IT,1205
OJA,2025-03,IT,628
OJA,2019-01,LT,25
OJA,2019-02,LT,15
OJA,2019-03,LT,5
OJA,2019-04,LT,10
OJA,2019-05,LT,11
OJA,2019-06,LT,10
OJA,2019-07,LT,5
OJA,2019-08,LT,11
OJA,2019-09,LT,11
OJA,2019-10,LT,21
OJA,2019-11,LT,7
OJA,2019-12,LT,12
OJA,2020-01,LT,23
OJA,2020-02,LT,25
OJA,2020-03,LT,22
OJA,2020-04,LT,19
OJA,2020-05,LT,28
OJA,2020-06,LT,33
OJA,2020-07,LT,42
OJA,2020-08,LT,47
OJA,2020-09,LT,50
OJA,2020-10,LT,51
OJA,2020-11,LT,22
OJA,2020-12,LT,30
OJA,2021-01,LT,42
OJA,2021-02,LT,62
OJA,2021-03,LT,45
OJA,2021-04,LT,61
OJA,2021-05,LT,109
OJA,2021-06,LT,49
OJA,2021-07,LT,31
OJA,2021-08,LT,32
OJA,2021-09,LT,64
OJA,2021-10,LT,81
OJA,2021-11,LT,41
OJA,2021-12,LT,41
OJA,2022-01,LT,68
OJA,2022-02,LT,75
OJA,2022-03,LT,66
OJA,2022-04,LT,68
OJA,2022-05,LT,95
OJA,2022-06,LT,35
OJA,2022-07,LT,33
OJA,2022-08,LT,76
OJA,2022-09,LT,85
OJA,2022-10,LT,29
OJA,2022-11,LT,38
OJA,2022-12,LT,28
OJA,2023-01,LT,57
OJA,2023-02,LT,56
OJA,2023-03,LT,68
OJA,2023-04,LT,65
OJA,2023-05,LT,27
OJA,2023-06,LT,15
OJA,2023-07,LT,3
OJA,2023-08,LT,14
OJA,2023-09,LT,66
OJA,2023-10,LT,24
OJA,2023-11,LT,20
OJA,2023-12,LT,6
OJA,2024-01,LT,1301
OJA,2024-02,LT,1119
OJA,2024-03,LT,1100
OJA,2024-04,LT,1206
OJA,2024-05,LT,1105
OJA,2024-06,LT,509
OJA,2024-07,LT,573
OJA,2024-08,LT,482
OJA,2024-09,LT,518
OJA,2024-11,LT,311
OJA,2024-12,LT,204
OJA,2025-01,LT,39
OJA,2025-02,LT,39
OJA,2025-03,LT,32
OJA,2018-07,LU,1
OJA,2018-08,LU,1
OJA,2018-09,LU,10
OJA,2018-10,LU,2
OJA,2018-11,LU,18
OJA,2018-12,LU,13
OJA,2019-01,LU,2
OJA,2019-02,LU,7
OJA,2019-03,LU,8
OJA,2019-05,LU,1
OJA,2019-06,LU,7
OJA,2019-07,LU,12
OJA,2019-08,LU,5
OJA,2019-09,LU,5
OJA,2019-10,LU,8
OJA,2019-11,LU,4
OJA,2019-12,LU,1
OJA,2020-01,LU,4
OJA,2020-03,LU,1
OJA,2020-04,LU,2
OJA,2020-05,LU,2
OJA,2020-06,LU,2
OJA,2020-07,LU,10
OJA,2020-08,LU,3
OJA,2020-09,LU,2
OJA,2020-10,LU,7
OJA,2020-11,LU,2
OJA,2020-12,LU,2
OJA,2021-01,LU,3
OJA,2021-02,LU,7
OJA,2021-03,LU,5
OJA,2021-04,LU,5
OJA,2021-05,LU,4
OJA,2021-06,LU,7
OJA,2021-07,LU,3
OJA,2021-08,LU,5
OJA,2021-09,LU,4
OJA,2021-10,LU,3
OJA,2021-11,LU,2
OJA,2021-12,LU,1
OJA,2024-01,LU,355
OJA,2024-02,LU,398
OJA,2024-03,LU,353
OJA,2024-04,LU,399
OJA,2024-05,LU,337
OJA,2024-06,LU,306
OJA,2024-07,LU,340
OJA,2024-08,LU,225
OJA,2024-09,LU,212
OJA,2024-11,LU,77
OJA,2024-12,LU,106
OJA,2019-01,LV,9
OJA,2019-02,LV,16
OJA,2019-03,LV,5
OJA,2019-04,LV,7
OJA,2019-05,LV,12
OJA,2019-06,LV,7
OJA,2019-07,LV,10
OJA,2019-08,LV,4
OJA,2019-09,LV,9
OJA,2019-10,LV,8
OJA,2019-11,LV,4
OJA,2019-12,LV,2
OJA,2020-01,LV,7
OJA,2020-02,LV,8
OJA,2020-03,LV,14
OJA,2020-04,LV,6
OJA,2020-05,LV,6
OJA,2020-06,LV,2
OJA,2020-07,LV,7
OJA,2020-08,LV,10
OJA,2020-09,LV,10
OJA,2020-10,LV,8
OJA,2020-11,LV,3
OJA,2020-12,LV,5
OJA,2021-01,LV,11
OJA,2021-02,LV,8
OJA,2021-03,LV,20
OJA,2021-04,LV,14
OJA,2021-05,LV,37
OJA,2021-06,LV,7
OJA,2021-07,LV,8
OJA,2021-08,LV,24
OJA,2021-09,LV,21
OJA,2021-10,LV,32
OJA,2021-11,LV,18
OJA,2021-12,LV,19
OJA,2022-01,LV,31
OJA,2022-02,LV,36
OJA,2022-03,LV,45
OJA,2022-04,LV,26
OJA,2022-05,LV,43
OJA,2022-06,LV,12
OJA,2022-07,LV,17
OJA,2022-08,LV,24
OJA,2022-09,LV,13
OJA,2022-10,LV,19
OJA,2022-11,LV,16
OJA,2022-12,LV,17
OJA,2023-01,LV,10
OJA,2023-02,LV,27
OJA,2023-03,LV,11
OJA,2023-04,LV,24
OJA,2023-05,LV,26
OJA,2023-06,LV,12
OJA,2023-07,LV,15
OJA,2023-08,LV,16
OJA,2023-09,LV,19
OJA,2023-10,LV,15
OJA,2023-11,LV,1
OJA,2024-01,LV,328
OJA,2024-02,LV,451
OJA,2024-03,LV,228
OJA,2024-04,LV,297
OJA,2024-05,LV,252
OJA,2024-06,LV,172
OJA,2024-07,LV,159
OJA,2024-08,LV,115
OJA,2024-09,LV,201
OJA,2024-11,LV,339
OJA,2024-12,LV,339
OJA,2025-01,LV,21
OJA,2025-02,LV,13
OJA,2025-03,LV,29
OJA,2022-01,MT,1
OJA,2022-02,MT,7
OJA,2022-03,MT,6
OJA,2022-04,MT,7
OJA,2022-05,MT,7
OJA,2022-08,MT,3
OJA,2022-09,MT,6
OJA,2022-10,MT,3
OJA,2022-11,MT,2
OJA,2022-12,MT,4
OJA,2024-01,MT,89
OJA,2024-02,MT,65
OJA,2024-03,MT,65
OJA,2024-04,MT,62
OJA,2024-05,MT,80
OJA,2024-06,MT,42
OJA,2024-07,MT,88
OJA,2024-08,MT,45
OJA,2024-09,MT,47
OJA,2024-11,MT,44
OJA,2024-12,MT,49
OJA,2018-07,NL,510
OJA,2018-08,NL,1102
OJA,2018-09,NL,1456
OJA,2018-10,NL,1530
OJA,2018-11,NL,1987
OJA,2018-12,NL,974
OJA,2019-01,NL,1782
OJA,2019-02,NL,1046
OJA,2019-03,NL,396
OJA,2019-04,NL,544
OJA,2019-05,NL,550
OJA,2019-06,NL,330
OJA,2019-07,NL,224
OJA,2019-08,NL,532
OJA,2019-09,NL,1671
OJA,2019-10,NL,1342
OJA,2019-11,NL,948
OJA,2019-12,NL,946
OJA,2020-01,NL,2150
OJA,2020-02,NL,1484
OJA,2020-03,NL,1543
OJA,2020-04,NL,982
OJA,2020-05,NL,680
OJA,2020-06,NL,399
OJA,2020-07,NL,211
OJA,2020-08,NL,330
OJA,2020-09,NL,357
OJA,2020-10,NL,470
OJA,2020-11,NL,406
OJA,2020-12,NL,793
OJA,2021-01,NL,1101
OJA,2021-02,NL,729
OJA,2021-03,NL,1220
OJA,2021-04,NL,1104
OJA,2021-05,NL,811
OJA,2021-06,NL,945
OJA,2021-07,NL,241
OJA,2021-08,NL,231
OJA,2021-09,NL,1089
OJA,2021-10,NL,759
OJA,2021-11,NL,705
OJA,2021-12,NL,868
OJA,2022-01,NL,887
OJA,2022-02,NL,1450
OJA,2022-03,NL,1090
OJA,2022-04,NL,740
OJA,2022-05,NL,648
OJA,2022-06,NL,209
OJA,2022-07,NL,222
OJA,2022-08,NL,573
OJA,2022-09,NL,694
OJA,2022-10,NL,599
OJA,2022-11,NL,1541
OJA,2022-12,NL,1152
OJA,2023-01,NL,1982
OJA,2023-02,NL,1528
OJA,2023-03,NL,1174
OJA,2023-04,NL,917
OJA,2023-05,NL,271
OJA,2023-06,NL,287
OJA,2023-07,NL,308
OJA,2023-08,NL,170
OJA,2023-09,NL,1097
OJA,2023-10,NL,661
OJA,2023-11,NL,922
OJA,2023-12,NL,1048
OJA,2024-01,NL,13239
OJA,2024-02,NL,9997
OJA,2024-03,NL,10822
OJA,2024-04,NL,8531
OJA,2024-05,NL,10121
OJA,2024-06,NL,8160
OJA,2024-07,NL,7805
OJA,2024-08,NL,5500
OJA,2024-09,NL,7114
OJA,2024-11,NL,2482
OJA,2024-12,NL,2616
OJA,2025-01,NL,2648
OJA,2025-02,NL,1532
OJA,2025-03,NL,1659
OJA,2025-01,NO,25
OJA,2025-02,NO,16
OJA,2025-03,NO,26
OJA,2018-07,PL,76
OJA,2018-08,PL,91
OJA,2018-09,PL,135
OJA,2018-10,PL,152
OJA,2018-11,PL,124
OJA,2018-12,PL,93
OJA,2019-01,PL,182
OJA,2019-02,PL,97
OJA,2019-03,PL,54
OJA,2019-04,PL,67
OJA,2019-05,PL,66
OJA,2019-06,PL,67
OJA,2019-07,PL,103
OJA,2019-08,PL,119
OJA,2019-09,PL,218
OJA,2019-10,PL,163
OJA,2019-11,PL,132
OJA,2019-12,PL,92
OJA,2020-01,PL,163
OJA,2020-02,PL,146
OJA,2020-03,PL,166
OJA,2020-04,PL,93
OJA,2020-05,PL,103
OJA,2020-06,PL,130
OJA,2020-07,PL,271
OJA,2020-08,PL,169
OJA,2020-09,PL,184
OJA,2020-10,PL,242
OJA,2020-11,PL,153
OJA,2020-12,PL,191
OJA,2021-01,PL,90
OJA,2021-02,PL,83
OJA,2021-03,PL,68
OJA,2021-04,PL,97
OJA,2021-05,PL,86
OJA,2021-06,PL,109
OJA,2021-07,PL,210
OJA,2021-08,PL,160
OJA,2021-09,PL,190
OJA,2021-10,PL,258
OJA,2021-11,PL,196
OJA,2021-12,PL,107
OJA,2022-01,PL,134
OJA,2022-02,PL,109
OJA,2022-03,PL,148
OJA,2022-04,PL,130
OJA,2022-05,PL,149
OJA,2022-06,PL,113
OJA,2022-07,PL,73
OJA,2022-08,PL,90
OJA,2022-09,PL,122
OJA,2022-10,PL,161
OJA,2022-11,PL,143
OJA,2022-12,PL,94
OJA,2023-01,PL,155
OJA,2023-02,PL,120
OJA,2023-03,PL,122
OJA,2023-04,PL,157
OJA,2023-05,PL,171
OJA,2023-06,PL,106
OJA,2023-07,PL,96
OJA,2023-08,PL,172
OJA,2023-09,PL,162
OJA,2023-10,PL,199
OJA,2023-11,PL,116
OJA,2023-12,PL,83
OJA,2024-01,PL,9362
OJA,2024-02,PL,10545
OJA,2024-03,PL,9794
OJA,2024-04,PL,10949
OJA,2024-05,PL,9360
OJA,2024-06,PL,9114
OJA,2024-07,PL,5149
OJA,2024-08,PL,2536
OJA,2024-09,PL,4939
OJA,2024-11,PL,2370
OJA,2024-12,PL,1870
OJA,2025-01,PL,67
OJA,2025-02,PL,30
OJA,2025-03,PL,51
OJA,2018-07,PT,17
OJA,2018-08,PT,8
OJA,2018-09,PT,21
OJA,2018-10,PT,45
OJA,2018-11,PT,54
OJA,2018-12,PT,30
OJA,2019-01,PT,4
OJA,2019-02,PT,29
OJA,2019-03,PT,49
OJA,2019-04,PT,55
OJA,2019-05,PT,90
OJA,2019-06,PT,50
OJA,2019-07,PT,71
OJA,2019-08,PT,32
OJA,2019-09,PT,49
OJA,2019-10,PT,56
OJA,2019-11,PT,26
OJA,2019-12,PT,34
OJA,2020-01,PT,50
OJA,2020-02,PT,35
OJA,2020-03,PT,39
OJA,2020-04,PT,48
OJA,2020-05,PT,44
OJA,2020-06,PT,25
OJA,2020-07,PT,111
OJA,2020-08,PT,82
OJA,2020-09,PT,54
OJA,2020-10,PT,74
OJA,2020-11,PT,54
OJA,2020-12,PT,41
OJA,2021-01,PT,79
OJA,2021-02,PT,70
OJA,2021-03,PT,132
OJA,2021-04,PT,124
OJA,2021-05,PT,223
OJA,2021-06,PT,147
OJA,2021-07,PT,85
OJA,2021-08,PT,115
OJA,2021-09,PT,148
OJA,2021-10,PT,217
OJA,2021-11,PT,96
OJA,2021-12,PT,72
OJA,2022-01,PT,47
OJA,2022-02,PT,66
OJA,2022-03,PT,76
OJA,2022-04,PT,85
OJA,2022-05,PT,67
OJA,2022-06,PT,51
OJA,2022-07,PT,30
OJA,2022-08,PT,47
OJA,2022-09,PT,44
OJA,2022-10,PT,50
OJA,2022-11,PT,64
OJA,2022-12,PT,41
OJA,2023-01,PT,53
OJA,2023-02,PT,58
OJA,2023-03,PT,74
OJA,2023-04,PT,49
OJA,2023-05,PT,94
OJA,2023-06,PT,108
OJA,2023-07,PT,50
OJA,2023-08,PT,35
OJA,2023-09,PT,47
OJA,2023-10,PT,26
OJA,2023-11,PT,6
OJA,2024-01,PT,1867
OJA,2024-02,PT,1225
OJA,2024-03,PT,1337
OJA,2024-04,PT,1355
OJA,2024-05,PT,1090
OJA,2024-06,PT,875
OJA,2024-07,PT,959
OJA,2024-08,PT,734
OJA,2024-09,PT,875
OJA,2024-11,PT,231
OJA,2024-12,PT,223
OJA,2018-07,RO,6
OJA,2018-08,RO,9
OJA,2018-09,RO,10
OJA,2018-10,RO,14
OJA,2018-11,RO,29
OJA,2018-12,RO,17
OJA,2019-01,RO,78
OJA,2019-02,RO,71
OJA,2019-03,RO,66
OJA,2019-04,RO,46
OJA,2019-05,RO,51
OJA,2019-06,RO,37
OJA,2019-07,RO,85
OJA,2019-08,RO,52
OJA,2019-09,RO,103
OJA,2019-10,RO,85
OJA,2019-11,RO,48
OJA,2019-12,RO,36
OJA,2020-01,RO,43
OJA,2020-02,RO,49
OJA,2020-03,RO,31
OJA,2020-04,RO,26
OJA,2020-05,RO,28
OJA,2020-06,RO,59
OJA,2020-07,RO,99
OJA,2020-08,RO,52
OJA,2020-09,RO,50
OJA,2020-10,RO,70
OJA,2020-11,RO,29
OJA,2020-12,RO,25
OJA,2021-01,RO,48
OJA,2021-02,RO,41
OJA,2021-03,RO,33
OJA,2021-04,RO,50
OJA,2021-05,RO,56
OJA,2021-06,RO,59
OJA,2021-07,RO,65
OJA,2021-08,RO,58
OJA,2021-09,RO,68
OJA,2021-10,RO,69
OJA,2021-11,RO,63
OJA,2021-12,RO,37
OJA,2022-01,RO,57
OJA,2022-02,RO,68
OJA,2022-03,RO,71
OJA,2022-04,RO,44
OJA,2022-05,RO,72
OJA,2022-06,RO,94
OJA,2022-07,RO,43
OJA,2022-08,RO,47
OJA,2022-09,RO,56
OJA,2022-10,RO,67
OJA,2022-11,RO,56
OJA,2022-12,RO,14
OJA,2023-01,RO,42
OJA,2023-02,RO,42
OJA,2023-03,RO,67
OJA,2023-04,RO,61
OJA,2023-05,RO,70
OJA,2023-06,RO,41
OJA,2023-07,RO,50
OJA,2023-08,RO,52
OJA,2023-09,RO,66
OJA,2023-10,RO,62
OJA,2023-11,RO,37
OJA,2023-12,RO,12
OJA,2024-01,RO,1101
OJA,2024-02,RO,870
OJA,2024-03,RO,833
OJA,2024-04,RO,703
OJA,2024-05,RO,637
OJA,2024-06,RO,581
OJA,2024-07,RO,604
OJA,2024-08,RO,385
OJA,2024-09,RO,615
OJA,2024-11,RO,98
OJA,2024-12,RO,55
OJA,2025-01,RO,20
OJA,2025-02,RO,19
OJA,2025-03,RO,14
OJA,2018-07,SE,155
OJA,2018-08,SE,155
OJA,2018-09,SE,225
OJA,2018-10,SE,240
OJA,2018-11,SE,249
OJA,2018-12,SE,357
OJA,2019-01,SE,337
OJA,2019-02,SE,365
OJA,2019-03,SE,393
OJA,2019-04,SE,266
OJA,2019-05,SE,235
OJA,2019-06,SE,150
OJA,2019-07,SE,188
OJA,2019-08,SE,104
OJA,2019-09,SE,148
OJA,2019-10,SE,209
OJA,2019-11,SE,180
OJA,2019-12,SE,212
OJA,2020-01,SE,306
OJA,2020-02,SE,494
OJA,2020-03,SE,367
OJA,2020-04,SE,251
OJA,2020-05,SE,164
OJA,2020-06,SE,241
OJA,2020-07,SE,151
OJA,2020-08,SE,279
OJA,2020-09,SE,332
OJA,2020-10,SE,461
OJA,2020-11,SE,363
OJA,2020-12,SE,372
OJA,2021-01,SE,351
OJA,2021-02,SE,452
OJA,2021-03,SE,271
OJA,2021-04,SE,597
OJA,2021-05,SE,640
OJA,2021-06,SE,518
OJA,2021-07,SE,387
OJA,2021-08,SE,477
OJA,2021-09,SE,688
OJA,2021-10,SE,759
OJA,2021-11,SE,752
OJA,2021-12,SE,784
OJA,2022-01,SE,707
OJA,2022-02,SE,942
OJA,2022-03,SE,1041
OJA,2022-04,SE,832
OJA,2022-05,SE,916
OJA,2022-06,SE,715
OJA,2022-07,SE,550
OJA,2022-08,SE,588
OJA,2022-09,SE,750
OJA,2022-10,SE,786
OJA,2022-11,SE,792
OJA,2022-12,SE,1127
OJA,2023-01,SE,861
OJA,2023-02,SE,1094
OJA,2023-03,SE,826
OJA,2023-04,SE,552
OJA,2023-05,SE,690
OJA,2023-06,SE,502
OJA,2023-07,SE,514
OJA,2023-08,SE,584
OJA,2023-09,SE,603
OJA,2023-10,SE,479
OJA,2023-11,SE,467
OJA,2023-12,SE,413
OJA,2024-01,SE,4879
OJA,2024-02,SE,4462
OJA,2024-03,SE,3645
OJA,2024-04,SE,4316
OJA,2024-05,SE,4086
OJA,2024-06,SE,3527
OJA,2024-07,SE,2568
OJA,2024-08,SE,2547
OJA,2024-09,SE,3860
OJA,2024-11,SE,1016
OJA,2024-12,SE,1373
OJA,2025-01,SE,331
OJA,2025-02,SE,329
OJA,2025-03,SE,310
OJA,2018-12,SI,1
OJA,2019-01,SI,8
OJA,2019-02,SI,11
OJA,2019-03,SI,31
OJA,2019-04,SI,17
OJA,2019-05,SI,23
OJA,2019-06,SI,12
OJA,2019-07,SI,21
OJA,2019-08,SI,25
OJA,2019-09,SI,26
OJA,2019-10,SI,18
OJA,2019-11,SI,7
OJA,2019-12,SI,21
OJA,2020-01,SI,29
OJA,2020-02,SI,17
OJA,2020-03,SI,17
OJA,2020-04,SI,14
OJA,2020-05,SI,13
OJA,2020-06,SI,10
OJA,2020-07,SI,8
OJA,2020-08,SI,13
OJA,2020-09,SI,14
OJA,2020-10,SI,12
OJA,2020-11,SI,22
OJA,2020-12,SI,6
OJA,2021-01,SI,25
OJA,2021-02,SI,8
OJA,2021-03,SI,7
OJA,2021-04,SI,12
OJA,2021-05,SI,24
OJA,2021-06,SI,61
OJA,2021-07,SI,8
OJA,2021-08,SI,8
OJA,2021-09,SI,21
OJA,2021-10,SI,31
OJA,2021-11,SI,19
OJA,2021-12,SI,16
OJA,2022-01,SI,34
OJA,2022-02,SI,21
OJA,2022-03,SI,29
OJA,2022-04,SI,29
OJA,2022-05,SI,29
OJA,2022-06,SI,5
OJA,2022-07,SI,2
OJA,2022-08,SI,30
OJA,2022-09,SI,29
OJA,2022-10,SI,23
OJA,2022-11,SI,25
OJA,2022-12,SI,18
OJA,2023-01,SI,36
OJA,2023-02,SI,36
OJA,2023-03,SI,30
OJA,2023-04,SI,25
OJA,2023-05,SI,16
OJA,2023-06,SI,52
OJA,2023-07,SI,10
OJA,2023-08,SI,14
OJA,2023-09,SI,49
OJA,2023-10,SI,26
OJA,2023-11,SI,7
OJA,2023-12,SI,6
OJA,2024-01,SI,123
OJA,2024-02,SI,103
OJA,2024-03,SI,104
OJA,2024-04,SI,93
OJA,2024-05,SI,68
OJA,2024-06,SI,93
OJA,2024-07,SI,162
OJA,2024-08,SI,173
OJA,2024-09,SI,187
OJA,2024-11,SI,67
OJA,2024-12,SI,89
OJA,2025-01,SI,71
OJA,2025-02,SI,43
OJA,2025-03,SI,28
OJA,2018-07,SK,10
OJA,2018-08,SK,5
OJA,2018-09,SK,3
OJA,2018-10,SK,7
OJA,2018-11,SK,6
OJA,2018-12,SK,5
OJA,2019-01,SK,21
OJA,2019-02,SK,22
OJA,2019-03,SK,14
OJA,2019-04,SK,9
OJA,2019-05,SK,24
OJA,2019-06,SK,28
OJA,2019-07,SK,22
OJA,2019-08,SK,14
OJA,2019-09,SK,19
OJA,2019-10,SK,15
OJA,2019-11,SK,11
OJA,2019-12,SK,9
OJA,2020-01,SK,23
OJA,2020-02,SK,16
OJA,2020-03,SK,15
OJA,2020-04,SK,7
OJA,2020-05,SK,7
OJA,2020-06,SK,9
OJA,2020-07,SK,9
OJA,2020-08,SK,2
OJA,2020-09,SK,10
OJA,2020-10,SK,18
OJA,2020-11,SK,16
OJA,2020-12,SK,9
OJA,2021-01,SK,6
OJA,2021-02,SK,17
OJA,2021-03,SK,16
OJA,2021-04,SK,12
OJA,2021-05,SK,21
OJA,2021-06,SK,16
OJA,2021-07,SK,19
OJA,2021-08,SK,6
OJA,2021-09,SK,15
OJA,2021-10,SK,11
OJA,2021-11,SK,11
OJA,2021-12,SK,10
OJA,2022-01,SK,18
OJA,2022-02,SK,17
OJA,2022-03,SK,10
OJA,2022-04,SK,12
OJA,2022-05,SK,11
OJA,2022-06,SK,12
OJA,2022-07,SK,10
OJA,2022-08,SK,5
OJA,2022-09,SK,10
OJA,2022-10,SK,7
OJA,2022-11,SK,2
OJA,2022-12,SK,8
OJA,2023-01,SK,17
OJA,2023-02,SK,12
OJA,2023-03,SK,14
OJA,2023-04,SK,12
OJA,2023-05,SK,26
OJA,2023-06,SK,15
OJA,2023-07,SK,4
OJA,2023-08,SK,4
OJA,2023-09,SK,10
OJA,2023-10,SK,6
OJA,2023-11,SK,8
OJA,2023-12,SK,5
OJA,2024-01,SK,4281
OJA,2024-02,SK,2513
OJA,2024-03,SK,2459
OJA,2024-04,SK,2717
OJA,2024-05,SK,1527
OJA,2024-06,SK,417
OJA,2024-07,SK,326
OJA,2024-08,SK,258
OJA,2024-09,SK,325
OJA,2024-11,SK,136
OJA,2024-12,SK,98
OJA,2018-07,UK,2707
OJA,2018-08,UK,3280
OJA,2018-09,UK,3546
OJA,2018-10,UK,3727
OJA,2018-11,UK,3747
OJA,2018-12,UK,2733
OJA,2019-01,UK,5465
OJA,2019-02,UK,2242
OJA,2019-03,UK,1216
OJA,2019-04,UK,1526
OJA,2019-05,UK,1010
OJA,2019-06,UK,933
OJA,2019-07,UK,1261
OJA,2019-08,UK,1865
OJA,2019-09,UK,5090
OJA,2019-10,UK,4606
OJA,2019-11,UK,3833
OJA,2019-12,UK,3121
OJA,2020-01,UK,5689
OJA,2020-02,UK,4398
OJA,2020-03,UK,3794
OJA,2020-04,UK,1343
OJA,2020-05,UK,980
OJA,2020-06,UK,961
OJA,2020-07,UK,1870
OJA,2020-08,UK,2779
OJA,2020-09,UK,3136
OJA,2020-10,UK,3171
OJA,2020-11,UK,2923
OJA,2020-12,UK,2403
OJA,2021-01,UK,1627
OJA,2021-02,UK,1427
OJA,2021-03,UK,3012
OJA,2021-04,UK,3039
OJA,2021-05,UK,3077
OJA,2021-06,UK,3305
OJA,2021-07,UK,1400
OJA,2021-08,UK,1533
OJA,2021-09,UK,3118
OJA,2021-10,UK,3238
OJA,2021-11,UK,2983
OJA,2021-12,UK,2319
OJA,2022-01,UK,2811
OJA,2022-02,UK,3209
OJA,2022-03,UK,3550
OJA,2022-04,UK,3150
OJA,2022-05,UK,3006
OJA,2022-06,UK,1564
OJA,2022-07,UK,1108
OJA,2022-08,UK,2505
OJA,2022-09,UK,2625
OJA,2022-10,UK,2429
OJA,2022-11,UK,2463
OJA,2022-12,UK,1692
OJA,2023-01,UK,3197
OJA,2023-02,UK,2411
OJA,2023-03,UK,2736
OJA,2023-04,UK,2288
OJA,2023-05,UK,1383
OJA,2023-06,UK,1567
OJA,2023-07,UK,1254
OJA,2023-08,UK,1198
OJA,2023-09,UK,1942
OJA,2023-10,UK,1506
OJA,2023-11,UK,1264
OJA,2023-12,UK,628
OJA,2024-01,UK,20687
OJA,2024-02,UK,16466
OJA,2024-03,UK,13085
OJA,2024-04,UK,26392
OJA,2024-05,UK,26143
OJA,2024-06,UK,16238
OJA,2024-07,UK,31355
OJA,2024-08,UK,16331
OJA,2024-09,UK,11359
OJA,2024-11,UK,15056
OJA,2024-12,UK,12173
OJA,2025-01,UK,866
OJA,2025-02,UK,725
OJA,2025-03,UK,673
eures-escox,2021-11,AT,2
eures-escox,2021-12,AT,5
eures-escox,2022-06,AT,1
eures-escox,2024-10,AT,1
eures-escox,2024-12,AT,2
eures-escox,2025-05,AT,10
eures-escox,2025-06,AT,5
eures-escox,2025-07,AT,20
eures-escox,2025-08,AT,30
eures-escox,2025-09,AT,49
eures-escox,2025-10,AT,105
eures-escox,2025-11,AT,239
eures-escox,2025-12,AT,595
eures-escox,2026-01,AT,4135
eures-escox,2026-02,AT,32985
eures-escox,2023-12,BE,1
eures-escox,2024-02,BE,1
eures-escox,2024-03,BE,1
eures-escox,2024-05,BE,2
eures-escox,2024-10,BE,1
eures-escox,2025-01,BE,2
eures-escox,2025-02,BE,2
eures-escox,2025-03,BE,5
eures-escox,2025-04,BE,2
eures-escox,2025-05,BE,1
eures-escox,2025-06,BE,25
eures-escox,2025-07,BE,23
eures-escox,2025-08,BE,51
eures-escox,2025-09,BE,44
eures-escox,2025-10,BE,375
eures-escox,2025-11,BE,214
eures-escox,2025-12,BE,32
eures-escox,2026-01,BE,30121
eures-escox,2026-02,BE,206148
eures-escox,2023-08,BG,4
eures-escox,2023-09,BG,29
eures-escox,2023-10,BG,190
eures-escox,2023-11,BG,137
eures-escox,2023-12,BG,39
eures-escox,2024-03,BG,2
eures-escox,2024-04,BG,1
eures-escox,2024-12,BG,1
eures-escox,2025-02,BG,4
eures-escox,2025-03,BG,25
eures-escox,2025-04,BG,52
eures-escox,2025-05,BG,36
eures-escox,2025-06,BG,8
eures-escox,2025-07,BG,21
eures-escox,2025-08,BG,46
eures-escox,2025-09,BG,175
eures-escox,2025-10,BG,83
eures-escox,2025-11,BG,41
eures-escox,2025-12,BG,87
eures-escox,2026-01,BG,514
eures-escox,2026-02,BG,1153
eures-escox,2023-03,CH,11
eures-escox,2023-11,CH,2
eures-escox,2025-04,CH,5
eures-escox,2025-05,CH,1
eures-escox,2025-08,CH,4
eures-escox,2025-10,CH,4834
eures-escox,2025-11,CH,8165
eures-escox,2025-12,CH,4887
eures-escox,2026-01,CH,4321
eures-escox,2026-02,CH,6994
eures-escox,2023-07,CY,1
eures-escox,2023-08,CY,1
eures-escox,2023-10,CY,2
eures-escox,2025-06,CY,1
eures-escox,2025-09,CY,15
eures-escox,2025-10,CY,57
eures-escox,2025-11,CY,82
eures-escox,2025-12,CY,87
eures-escox,2026-01,CY,225
eures-escox,2026-02,CY,234
eures-escox,2024-05,CZ,19
eures-escox,2024-06,CZ,3
eures-escox,2024-07,CZ,2
eures-escox,2024-08,CZ,5
eures-escox,2024-09,CZ,2
eures-escox,2024-10,CZ,3
eures-escox,2024-11,CZ,14
eures-escox,2024-12,CZ,10
eures-escox,2025-01,CZ,59
eures-escox,2025-02,CZ,10
eures-escox,2025-03,CZ,9
eures-escox,2025-04,CZ,22
eures-escox,2025-05,CZ,27
eures-escox,2025-06,CZ,20
eures-escox,2025-07,CZ,47
eures-escox,2025-08,CZ,41
eures-escox,2025-09,CZ,66
eures-escox,2025-10,CZ,92
eures-escox,2025-11,CZ,571
eures-escox,2025-12,CZ,2107
eures-escox,2026-01,CZ,6058
eures-escox,2026-02,CZ,10
eures-escox,2025-04,DE,5
eures-escox,2025-05,DE,4
eures-escox,2025-11,DE,12415
eures-escox,2025-12,DE,5133
eures-escox,2026-01,DE,32553
eures-escox,2026-02,DE,232080
eures-escox,2025-11,DK,4
eures-escox,2025-12,DK,14
eures-escox,2026-01,DK,421
eures-escox,2026-02,DK,787
eures-escox,2026-01,EE,31
eures-escox,2026-02,EE,201
eures-escox,2025-11,EL,2
eures-escox,2025-12,EL,3
eures-escox,2026-01,EL,21
eures-escox,2026-02,EL,114
eures-escox,2025-09,ES,178
eures-escox,2025-10,ES,232
eures-escox,2025-11,ES,490
eures-escox,2025-12,ES,540
eures-escox,2026-01,ES,466
eures-escox,2026-02,ES,5272
eures-escox,2025-02,FI,1
eures-escox,2025-04,FI,1
eures-escox,2025-07,FI,3
eures-escox,2025-08,FI,3
eures-escox,2025-09,FI,14
eures-escox,2025-10,FI,22
eures-escox,2025-11,FI,23
eures-escox,2025-12,FI,220
eures-escox,2026-01,FI,1795
eures-escox,2026-02,FI,8528
eures-escox,2025-11,FR,618
eures-escox,2025-12,FR,14459
eures-escox,2026-01,FR,31034
eures-escox,2026-02,FR,52987
eures-escox,2025-12,HR,17
eures-escox,2026-01,HR,406
eures-escox,2026-02,HR,1326
eures-escox,2025-10,HU,3
eures-escox,2025-11,HU,2
eures-escox,2025-12,HU,5
eures-escox,2026-01,HU,2
eures-escox,2026-02,HU,1
eures-escox,2025-12,IE,1
eures-escox,2026-01,IE,485
eures-escox,2026-02,IE,662
eures-escox,2026-01,IS,2
eures-escox,2026-02,IS,3
eures-escox,2024-09,IT,2
eures-escox,2025-04,IT,1
eures-escox,2025-05,IT,3
eures-escox,2025-06,IT,2
eures-escox,2025-08,IT,5
eures-escox,2025-09,IT,298
eures-escox,2025-10,IT,5
eures-escox,2025-11,IT,11
eures-escox,2025-12,IT,24
eures-escox,2026-01,IT,1676
eures-escox,2026-02,IT,4884
eures-escox,2026-01,LI,4
eures-escox,2026-02,LI,4
eures-escox,2024-08,LT,1
eures-escox,2025-08,LT,1
eures-escox,2025-09,LT,124
eures-escox,2025-10,LT,409
eures-escox,2025-11,LT,307
eures-escox,2025-12,LT,209
eures-escox,2026-01,LT,745
eures-escox,2026-02,LT,2398
eures-escox,2022-02,LU,1
eures-escox,2024-03,LU,1
eures-escox,2024-05,LU,1
eures-escox,2024-09,LU,1
eures-escox,2025-07,LU,2
eures-escox,2025-09,LU,2
eures-escox,2025-11,LU,24
eures-escox,2025-12,LU,79
eures-escox,2026-01,LU,636
eures-escox,2026-02,LU,899
eures-escox,2026-02,LV,2746
eures-escox,2025-12,MT,1
eures-escox,2026-01,MT,7
eures-escox,2026-02,MT,6
eures-escox,2025-11,NL,10
eures-escox,2025-12,NL,2
eures-escox,2026-01,NL,6867
eures-escox,2026-02,NL,103150
eures-escox,2024-03,NO,1
eures-escox,2024-12,NO,1
eures-escox,2025-02,NO,1
eures-escox,2025-03,NO,3
eures-escox,2025-04,NO,1
eures-escox,2025-05,NO,6
eures-escox,2025-06,NO,16
eures-escox,2025-07,NO,13
eures-escox,2025-08,NO,51
eures-escox,2025-09,NO,77
eures-escox,2025-10,NO,80
eures-escox,2025-11,NO,172
eures-escox,2025-12,NO,407
eures-escox,2026-01,NO,3467
eures-escox,2026-02,NO,11309
eures-escox,2024-03,PL,19
eures-escox,2024-06,PL,1
eures-escox,2024-10,PL,1
eures-escox,2024-11,PL,3
eures-escox,2024-12,PL,48
eures-escox,2025-01,PL,434
eures-escox,2025-03,PL,1
eures-escox,2025-04,PL,3
eures-escox,2025-05,PL,3
eures-escox,2025-06,PL,1
eures-escox,2025-07,PL,1
eures-escox,2025-08,PL,2
eures-escox,2025-09,PL,6
eures-escox,2025-10,PL,12
eures-escox,2025-11,PL,27
eures-escox,2025-12,PL,200
eures-escox,2026-01,PL,1998
eures-escox,2026-02,PL,8900
eures-escox,2025-09,PT,1
eures-escox,2025-10,PT,4
eures-escox,2025-11,PT,12
eures-escox,2025-12,PT,23
eures-escox,2026-01,PT,173
eures-escox,2026-02,PT,215
eures-escox,2026-01,RO,4
eures-escox,2026-02,RO,2
eures-escox,2025-09,SE,5
eures-escox,2025-10,SE,22
eures-escox,2025-11,SE,182
eures-escox,2025-12,SE,311
eures-escox,2026-01,SE,2144
eures-escox,2026-02,SE,5720
eures-escox,2026-01,SI,2
eures-escox,2026-02,SI,5588
eures-escox,2025-03,SK,19
eures-escox,2025-04,SK,1
eures-escox,2025-09,SK,556
eures-escox,2025-12,SK,303
eures-escox,2026-01,SK,7
eures-escox,2026-02,SK,2860
eures,2021-11,AT,6
eures,2021-12,AT,3
eures,2023-04,AT,1
eures,2025-04,AT,1
eures,2025-05,AT,3
eures,2025-06,AT,4
eures,2025-07,AT,3
eures,2025-08,AT,4
eures,2025-09,AT,8
eures,2025-10,AT,29
eures,2025-11,AT,73
eures,2025-12,AT,168
eures,2026-01,AT,1147
eures,2026-02,AT,10055
eures,2024-01,BE,1
eures,2024-05,BE,1
eures,2024-07,BE,2
eures,2024-09,BE,1
eures,2024-10,BE,2
eures,2024-11,BE,1
eures,2024-12,BE,2
eures,2025-01,BE,1
eures,2025-02,BE,3
eures,2025-03,BE,3
eures,2025-06,BE,11
eures,2025-07,BE,10
eures,2025-08,BE,24
eures,2025-09,BE,25
eures,2025-10,BE,49
eures,2025-11,BE,30
eures,2025-12,BE,12
eures,2026-01,BE,5785
eures,2026-02,BE,28169
eures,2023-08,BG,5
eures,2023-09,BG,23
eures,2023-10,BG,186
eures,2023-11,BG,152
eures,2023-12,BG,48
eures,2024-03,BG,1
eures,2024-04,BG,1
eures,2024-05,BG,3
eures,2025-02,BG,3
eures,2025-03,BG,55
eures,2025-04,BG,82
eures,2025-05,BG,53
eures,2025-06,BG,7
eures,2025-07,BG,16
eures,2025-08,BG,51
eures,2025-09,BG,177
eures,2025-10,BG,103
eures,2025-11,BG,32
eures,2025-12,BG,76
eures,2026-01,BG,319
eures,2026-02,BG,894
eures,2023-03,CH,10
eures,2023-09,CH,1
eures,2025-10,CH,514
eures,2025-11,CH,822
eures,2025-12,CH,375
eures,2026-01,CH,1164
eures,2026-02,CH,2017
eures,2023-05,CY,1
eures,2023-08,CY,1
eures,2025-08,CY,1
eures,2025-09,CY,18
eures,2025-10,CY,54
eures,2025-11,CY,101
eures,2025-12,CY,127
eures,2026-01,CY,272
eures,2026-02,CY,292
eures,2024-05,CZ,17
eures,2024-06,CZ,3
eures,2024-07,CZ,5
eures,2024-08,CZ,3
eures,2024-09,CZ,4
eures,2024-10,CZ,2
eures,2024-11,CZ,9
eures,2024-12,CZ,5
eures,2025-01,CZ,56
eures,2025-02,CZ,14
eures,2025-03,CZ,18
eures,2025-04,CZ,32
eures,2025-05,CZ,31
eures,2025-06,CZ,31
eures,2025-07,CZ,48
eures,2025-08,CZ,60
eures,2025-09,CZ,63
eures,2025-10,CZ,126
eures,2025-11,CZ,591
eures,2025-12,CZ,2426
eures,2026-01,CZ,7002
eures,2025-01,DE,1
eures,2025-04,DE,1
eures,2025-05,DE,1
eures,2025-06,DE,2
eures,2025-11,DE,13364
eures,2025-12,DE,15575
eures,2026-01,DE,69256
eures,2026-02,DE,146221
eures,2025-12,DK,3
eures,2026-01,DK,120
eures,2026-02,DK,176
eures,2026-01,EE,37
eures,2026-02,EE,188
eures,2025-12,EL,5
eures,2026-01,EL,88
eures,2026-02,EL,326
eures,2025-09,ES,130
eures,2025-10,ES,156
eures,2025-11,ES,282
eures,2025-12,ES,356
eures,2026-01,ES,314
eures,2026-02,ES,9848
eures,2025-09,FI,20
eures,2025-10,FI,100
eures,2025-11,FI,103
eures,2025-12,FI,318
eures,2026-01,FI,2310
eures,2026-02,FI,6332
eures,2025-11,FR,79
eures,2025-12,FR,1866
eures,2026-01,FR,4285
eures,2026-02,FR,13128
eures,2025-10,HR,2
eures,2025-11,HR,1
eures,2025-12,HR,8
eures,2026-01,HR,298
eures,2026-02,HR,768
eures,2025-10,HU,29
eures,2025-11,HU,11
eures,2025-12,HU,10
eures,2026-01,HU,7
eures,2025-12,IE,1
eures,2026-01,IE,59
eures,2026-02,IE,95
eures,2023-11,IT,4
eures,2024-04,IT,1
eures,2024-05,IT,15
eures,2024-10,IT,1
eures,2024-11,IT,1
eures,2024-12,IT,1
eures,2025-01,IT,3
eures,2025-04,IT,1
eures,2025-05,IT,2
eures,2025-06,IT,5
eures,2025-08,IT,1
eures,2025-09,IT,4
eures,2025-10,IT,2
eures,2025-11,IT,3
eures,2025-12,IT,15
eures,2026-01,IT,165
eures,2026-02,IT,390
eures,2025-12,LI,1
eures,2026-01,LI,1
eures,2026-02,LI,5
eures,2025-07,LT,1
eures,2025-08,LT,1
eures,2025-09,LT,97
eures,2025-10,LT,331
eures,2025-11,LT,237
eures,2025-12,LT,170
eures,2026-01,LT,455
eures,2026-02,LT,1558
eures,2023-01,LU,1
eures,2023-08,LU,1
eures,2023-12,LU,1
eures,2024-03,LU,1
eures,2024-09,LU,1
eures,2024-11,LU,1
eures,2025-10,LU,1
eures,2025-11,LU,14
eures,2025-12,LU,4
eures,2026-01,LU,55
eures,2026-02,LU,56
eures,2026-02,LV,1225
eures,2025-11,MT,1
eures,2026-01,MT,2353
eures,2026-02,MT,2997
eures,2025-11,NL,10
eures,2025-12,NL,3
eures,2026-01,NL,1127
eures,2026-02,NL,16744
eures,2025-05,NO,1
eures,2025-06,NO,2
eures,2025-08,NO,1
eures,2025-09,NO,4
eures,2025-10,NO,15
eures,2025-11,NO,13
eures,2025-12,NO,40
eures,2026-01,NO,837
eures,2026-02,NO,4521
eures,2024-03,PL,20
eures,2024-08,PL,1
eures,2024-11,PL,1
eures,2024-12,PL,29
eures,2025-01,PL,209
eures,2025-03,PL,3
eures,2025-04,PL,1
eures,2025-06,PL,2
eures,2025-07,PL,3
eures,2025-08,PL,4
eures,2025-09,PL,5
eures,2025-10,PL,3
eures,2025-11,PL,22
eures,2025-12,PL,96
eures,2026-01,PL,1208
eures,2026-02,PL,4334
eures,2025-08,PT,1
eures,2025-10,PT,1
eures,2025-11,PT,4
eures,2025-12,PT,21
eures,2026-01,PT,163
eures,2026-02,PT,151
eures,2025-09,SE,7
eures,2025-10,SE,8
eures,2025-11,SE,18
eures,2025-12,SE,34
eures,2026-01,SE,211
eures,2026-02,SE,507
eures,2026-02,SI,1629
eures,2025-03,SK,17
eures,2025-04,SK,2
eures,2025-09,SK,379
eures,2025-12,SK,216
eures,2026-01,SK,1
eures,2026-02,SK,8166
jobbguru,2024-08,SE,203
jobbguru,2024-09,SE,116
jobbguru.se,2024-08,SE,203
jobbguru.se,2024-09,SE,116
jobbland,2017-02,SE,1
jobbland,2017-09,SE,1
jobbland,2017-10,SE,1
jobbland,2019-01,SE,1
jobbland,2019-09,SE,1
jobbland,2020-08,SE,2
jobbland,2020-11,SE,3
jobbland,2020-12,SE,2
jobbland,2021-01,SE,4
jobbland,2021-02,SE,3
jobbland,2021-03,SE,1
jobbland,2021-05,SE,1
jobbland,2021-06,SE,29
jobbland,2021-07,SE,1
jobbland,2021-08,SE,1
jobbland,2021-09,SE,4
jobbland,2021-10,SE,3
jobbland,2021-11,SE,3
jobbland,2021-12,SE,4
jobbland,2022-01,SE,10
jobbland,2022-02,SE,19
jobbland,2022-03,SE,23
jobbland,2022-04,SE,5
jobbland,2022-05,SE,7
jobbland,2022-06,SE,31
jobbland,2022-07,SE,10
jobbland,2022-08,SE,19
jobbland,2022-09,SE,15
jobbland,2022-10,SE,11
jobbland,2022-11,SE,5
jobbland,2022-12,SE,18
jobbland,2023-01,SE,18
jobbland,2023-02,SE,20
jobbland,2023-03,SE,87
jobbland,2023-04,SE,10
jobbland,2023-05,SE,25
jobbland,2023-06,SE,9
jobbland,2023-07,SE,6
jobbland,2023-08,SE,22
jobbland,2023-09,SE,154
jobbland,2023-10,SE,290
jobbland,2023-11,SE,127
jobbland,2023-12,SE,119
jobbland,2024-01,SE,171
jobbland,2024-02,SE,187
jobbland,2024-03,SE,264
jobbland,2024-04,SE,357
jobbland,2024-05,SE,2078
jobbland,2024-06,SE,2790
jobbland,2024-07,SE,1977
jobbland,2024-08,SE,3942
jobbland,2024-09,SE,9476
jobbland,2024-10,SE,45408
jobbland,2024-11,SE,319
jobbland.se,2017-02,SE,1
jobbland.se,2017-09,SE,1
jobbland.se,2017-10,SE,1
jobbland.se,2018-08,SE,2
jobbland.se,2018-11,SE,1
jobbland.se,2019-01,SE,1
jobbland.se,2019-04,SE,1
jobbland.se,2019-05,SE,2
jobbland.se,2019-06,SE,2
jobbland.se,2019-07,SE,3
jobbland.se,2019-08,SE,3
jobbland.se,2019-09,SE,47
jobbland.se,2020-01,SE,2
jobbland.se,2020-05,SE,6
jobbland.se,2020-06,SE,4
jobbland.se,2020-07,SE,2
jobbland.se,2020-08,SE,3
jobbland.se,2020-09,SE,4
jobbland.se,2020-10,SE,3
jobbland.se,2020-11,SE,5
jobbland.se,2020-12,SE,2
jobbland.se,2021-01,SE,6
jobbland.se,2021-02,SE,4
jobbland.se,2021-03,SE,7
jobbland.se,2021-05,SE,4
jobbland.se,2021-06,SE,29
jobbland.se,2021-07,SE,3
jobbland.se,2021-08,SE,1
jobbland.se,2021-09,SE,5
jobbland.se,2021-10,SE,3
jobbland.se,2021-11,SE,4
jobbland.se,2021-12,SE,4
jobbland.se,2022-01,SE,10
jobbland.se,2022-02,SE,20
jobbland.se,2022-03,SE,23
jobbland.se,2022-04,SE,17
jobbland.se,2022-05,SE,9
jobbland.se,2022-06,SE,40
jobbland.se,2022-07,SE,25
jobbland.se,2022-08,SE,22
jobbland.se,2022-09,SE,20
jobbland.se,2022-10,SE,15
jobbland.se,2022-11,SE,12
jobbland.se,2022-12,SE,36
jobbland.se,2023-01,SE,18
jobbland.se,2023-02,SE,22
jobbland.se,2023-03,SE,92
jobbland.se,2023-04,SE,17
jobbland.se,2023-05,SE,35
jobbland.se,2023-06,SE,12
jobbland.se,2023-07,SE,11
jobbland.se,2023-08,SE,26
jobbland.se,2023-09,SE,163
jobbland.se,2023-10,SE,318
jobbland.se,2023-11,SE,320
jobbland.se,2023-12,SE,197
jobbland.se,2024-01,SE,191
jobbland.se,2024-02,SE,246
jobbland.se,2024-03,SE,292
jobbland.se,2024-04,SE,410
jobbland.se,2024-05,SE,2116
jobbland.se,2024-06,SE,2879
jobbland.se,2024-07,SE,2060
jobbland.se,2024-08,SE,4184
jobbland.se,2024-09,SE,10034
jobbland.se,2024-10,SE,48018
jobbland.se,2024-11,SE,50097
jobbland.se,2024-12,SE,47151
jobbland.se,2025-01,SE,53139
jobbland.se,2025-02,SE,23017
jobbland.se,2025-03,SE,10959
jobbland.se,2025-04,SE,4139
jobbland.se,2025-05,SE,6210
jobbland.se,2025-06,SE,132
jobbland.se,2025-07,SE,460
jobbland.se,2025-08,SE,3066
jobbland.se,2025-09,SE,3968
jobbland.se,2025-10,SE,1520
jobbland.se,2025-11,SE,3618
jobbland.se,2025-12,SE,28639
jobbland.se,2026-01,SE,48511
jobbland.se,2026-02,SE,55457
jobbland.se,2026-03,SE,62392
jobbland.se,2026-04,SE,47721
jobbland.se,2026-05,SE,53794
jobbland.se,2026-06,SE,46127
jobbland.se,2026-07,SE,31166
jobbland.se,2026-08,SE,40875
jobbland.se,2026-09,SE,595
jobbland.se,2026-12,SE,2
jobbland.se,2027-01,SE,1
jobbland.se,2027-02,SE,1
jobbland.se,2027-08,SE,3
jobbland.se,2027-12,SE,2
jobmedic.co.uk,2024-08,UK,250
jobmedic.co.uk,2024-09,UK,326
jobmedic.co.uk,2024-10,UK,404
jobmedic.co.uk,2024-11,UK,413
jobmedic.co.uk,2024-12,UK,55
jobmedic,2024-08,UK,250
jobmedic,2024-09,UK,326
jobmedic,2024-10,UK,404
jobmedic,2024-11,UK,30
jobs.de,2024-08,DE,3427
jobs.de,2024-09,DE,5632
jobs.de,2024-10,DE,8175
jobs.de,2024-11,DE,6417
jobs.de,2024-12,DE,4029
jobs.de,2025-01,DE,1690
jobs.de,2025-02,DE,2572
jobs.de,2025-03,DE,1691
jobs.de,2025-04,DE,597
kariera.fr,2024-08,FR,3000
kariera.fr,2024-09,FR,27099
kariera.fr,2024-10,FR,32892
kariera.fr,2024-11,FR,7043
kariera.fr,2024-12,FR,4941
kariera.fr,2025-01,FR,6054
kariera.fr,2025-02,FR,4916
kariera.fr,2025-03,FR,523
kariera.gr,2024-08,EL,2738
kariera.gr,2024-09,EL,5629
kariera.gr,2024-10,EL,5480
kariera.gr,2024-11,EL,5593
kariera.gr,2024-12,EL,4866
kariera.gr,2025-01,EL,7065
kariera.gr,2025-02,EL,3174
kariera.gr,2025-03,EL,2884
kariera.gr,2025-04,EL,1458
kariera.gr,2025-05,EL,4219
kariera.gr,2025-06,EL,4678
kariera.gr,2025-07,EL,4097
kariera.gr,2025-08,EL,3510
kariera.gr,2025-09,EL,1703
kariera.gr,2025-10,EL,61
kariera.gr,2025-11,EL,37
kariera.gr,2025-12,EL,3308
kariera.gr,2026-01,EL,7112
kariera.gr,2026-02,EL,6542
kariera.gr,2026-03,EL,6953
kariera.gr,2026-04,EL,6659
lesjeudis.com,2024-08,FR,5660
lesjeudis.com,2024-09,FR,6649
lesjeudis.com,2024-10,FR,4935
lesjeudis.com,2024-11,FR,3986
lesjeudis.com,2024-12,FR,3511
lesjeudis.com,2025-01,FR,4191
lesjeudis.com,2025-02,FR,1548
lesjeudis.com,2025-03,FR,450
lesjeudis.com,2025-04,FR,581
lesjeudis.com,2025-05,FR,2336
lesjeudis.com,2025-06,FR,3887
lesjeudis.com,2025-07,FR,800
lesjeudis.com,2025-08,FR,3383
lesjeudis.com,2025-09,FR,3279
lesjeudis.com,2025-10,FR,1476
lesjeudis.com,2025-11,FR,738
lesjeudis.com,2025-12,FR,386
lesjeudis.com,2026-01,FR,250
lesjeudis.com,2026-02,FR,6561
lesjeudis.com,2026-03,FR,768
lesjeudis,2024-08,FR,6006
lesjeudis,2024-09,FR,7050
lesjeudis,2024-10,FR,5048
lesjeudis,2024-11,FR,300
